{
	"MovieCollection" : [
		{
			"icon" : "https://data1.ibtimes.co.in/cache-img-0-450/en/full/683405/1524822900_avengers-infinity-war.jpg",
			"number": "101",
			"type" : "Monitor",
			"title" : "Avengers: Infinity War",
			"info" : "Now Showing"
		},
		{
			"icon" : "https://is5-ssl.mzstatic.com/image/thumb/Video118/v4/67/33/17/673317f2-24ae-6432-40cb-dfc6b51eef1e/source/1200x630bb.jpg",
			"number" : "89",
			"title" : "The Dark Knight Rises",
			"info" : "Now Showing",
			"infoState" : "Booking Open"
		},
		{
			"type" : "Create",
			"title" : "Create Leave Requests",
			"info" : "28 Days Left",
			"infoState" : "Success"
		},
		{
			"icon" : "Images/DSC05153.JPG",
			"number" : "281",
			"numberUnit" : "euro",
			"title" : "Travel Reimbursement",
			"info" : "1 day ago"
		},
		{
			"icon" : "sap-icon://loan",
			"number" : "350",
			"numberUnit" : "euro",
			"title" : "My Salary",
			"info" : "1 days ago"
		},
		{
			"icon" : "sap-icon://lab",
			"number" : "1",
			"numberUnit" : "Invention",
			"title" : "Test Lab Reports",
			"info" : "8 Days Ago"
		},
		{
			"icon" : "sap-icon://inbox",
			"type" : "Monitor",
			"title" : "Leave Request History"
		},
		{
			"type" : "Create",
			"title" : "Create Purchase Order",
			"info" : "890€ Open Budget",
			"infoState" : "Success"
		},
		{
			"icon" : "sap-icon://stethoscope",
			"number" : "3",
			"title" : "Yearly Health Check",
			"info" : "3 year overdue",
			"infoState" : "Error"
		},
		{
			"icon" : "sap-icon://meal",
			"type" : "Monitor",
			"title" : "Meal Schedule"
		},
		{
			"icon" : "sap-icon://cart",
			"number" : "787",
			"numberUnit" : "euro",
			"title" : "My Shopping Carts",
			"info" : "Waiting for Approval",
			"infoState" : "Warning"
		},
		{
			"icon" : "sap-icon://factory",
			"number" : "2",
			"numberUnit" : "Outages",
			"title" : "Factory Power Management",
			"info" : "Production On Hold",
			"infoState" : "Error"
		},
		{
			"icon" : "sap-icon://calendar",
			"title" : "Team Calendar"
		},
		{
			"icon" : "sap-icon://pie-chart",
			"number" : "5",
			"title" : "Financial Reports",
			"info" : "4 day ago",
			"infoState" : "Warning"
		}
	]
}